unique_id,min_date,max_date,lifetime,n_records,n_zero,% zero,n_consecutive_weeks,ok_zeros,ok_2years,ok_sales_last_2months,time_series,zero_range
00610101,2015-12-14,2023-03-06,377.0,378,0.0,0.0,378,1,1,1,1,< 20%
00610101AC,2020-05-04,2023-02-27,147.0,148,12.0,8.1,29,1,1,1,1,< 20%
00610101D,2015-12-21,2023-02-27,375.0,376,14.0,3.7,151,1,1,1,1,< 20%
00610101NM,2020-03-30,2023-02-27,152.0,153,6.0,3.9,55,1,1,1,1,< 20%
00610102,2015-12-21,2023-02-20,374.0,375,15.0,4.0,160,1,1,1,1,< 20%
00611001,2015-12-21,2023-02-27,375.0,376,18.0,4.8,190,1,1,1,1,< 20%
00612001,2015-12-14,2023-02-27,376.0,377,0.0,0.0,377,1,1,1,1,< 20%
00612001D,2015-12-28,2023-02-27,374.0,375,20.0,5.3,157,1,1,1,1,< 20%
00612301,2015-12-14,2023-02-27,376.0,377,1.0,0.3,356,1,1,1,1,< 20%
00612301NM,2019-01-28,2023-02-27,213.0,214,23.0,10.7,36,1,1,1,1,< 20%
00612302,2015-12-28,2023-02-27,374.0,375,52.0,13.9,28,1,1,1,1,< 20%
00618080,2017-01-30,2023-02-27,317.0,318,49.0,15.4,55,1,1,1,1,< 20%
00618201,2016-12-19,2023-02-27,323.0,324,2.0,0.6,321,1,1,1,1,< 20%
00620101,2016-01-04,2023-03-06,374.0,375,33.0,8.8,214,1,1,1,1,< 20%
00661001,2015-12-14,2023-02-27,376.0,377,4.0,1.1,190,1,1,1,1,< 20%
00663901,2016-01-04,2023-02-27,373.0,374,8.0,2.1,104,1,1,1,1,< 20%
00681001,2016-01-04,2023-02-27,373.0,374,7.0,1.9,107,1,1,1,1,< 20%
00712001,2015-12-21,2023-01-30,371.0,372,69.0,18.5,41,1,1,1,1,< 20%
00719101,2015-12-14,2023-02-20,375.0,376,20.0,5.3,225,1,1,1,1,< 20%
01299601,2018-04-09,2023-02-27,255.0,256,35.0,13.7,29,1,1,1,1,< 20%
01716702,2015-12-28,2023-02-20,373.0,374,16.0,4.3,117,1,1,1,1,< 20%
01717002,2015-12-28,2023-02-20,373.0,374,28.0,7.5,186,1,1,1,1,< 20%
01744702,2016-04-18,2023-02-13,356.0,357,69.0,19.3,77,1,1,1,1,< 20%
02351501,2016-01-18,2023-02-27,371.0,372,31.0,8.3,60,1,1,1,1,< 20%
02352001C,2016-01-11,2023-02-27,372.0,373,23.0,6.2,53,1,1,1,1,< 20%
02352001F,2016-01-04,2023-02-27,373.0,374,2.0,0.5,151,1,1,1,1,< 20%
02418201,2016-05-02,2023-02-27,356.0,357,59.0,16.5,33,1,1,1,1,< 20%
030335NM,2019-01-07,2023-02-27,216.0,217,3.0,1.4,118,1,1,1,1,< 20%
03043401,2020-05-04,2023-02-27,147.0,148,11.0,7.4,31,1,1,1,1,< 20%
03044401,2015-12-21,2023-02-20,374.0,375,57.0,15.2,33,1,1,1,1,< 20%
03045501,2015-12-14,2023-03-06,377.0,378,1.0,0.3,225,1,1,1,1,< 20%
03048701,2020-06-15,2023-02-27,141.0,142,26.0,18.3,17,1,1,1,1,< 20%
03411601,2015-12-14,2023-03-06,377.0,378,2.0,0.5,211,1,1,1,1,< 20%
03411601NM,2020-04-20,2023-02-27,149.0,150,6.0,4.0,91,1,1,1,1,< 20%
03412401,2015-12-14,2023-02-27,376.0,377,8.0,2.1,210,1,1,1,1,< 20%
03450101,2015-12-14,2023-02-27,376.0,377,25.0,6.6,55,1,1,1,1,< 20%
03450102,2015-12-14,2023-02-27,376.0,377,2.0,0.5,222,1,1,1,1,< 20%
03453420OR,2020-08-24,2023-02-20,130.0,131,8.0,6.1,55,1,1,1,1,< 20%
03463430LV,2020-09-14,2023-02-27,128.0,129,19.0,14.7,16,1,1,1,1,< 20%
03463701,2016-01-04,2023-03-06,374.0,375,8.0,2.1,152,1,1,1,1,< 20%
03463702,2016-01-04,2023-02-27,373.0,374,7.0,1.9,102,1,1,1,1,< 20%
03463706,2015-11-30,2023-02-27,378.0,379,0.0,0.0,379,1,1,1,1,< 20%
03463707,2015-12-14,2023-02-06,373.0,374,3.0,0.8,362,1,1,1,1,< 20%
03463901,2015-12-21,2023-02-27,375.0,376,16.0,4.3,95,1,1,1,1,< 20%
03944401,2017-05-22,2023-02-27,301.0,302,43.0,14.2,26,1,1,1,1,< 20%
06110301,2015-12-07,2023-02-27,377.0,378,60.0,15.9,41,1,1,1,1,< 20%
06116201,2016-01-04,2023-02-27,373.0,374,60.0,16.0,36,1,1,1,1,< 20%
06117001,2015-12-21,2023-02-27,375.0,376,25.0,6.6,111,1,1,1,1,< 20%
06117201,2016-01-04,2023-01-30,369.0,370,24.0,6.5,68,1,1,1,1,< 20%
06117209,2015-12-21,2023-01-30,371.0,372,16.0,4.3,141,1,1,1,1,< 20%
06118201,2016-12-19,2023-02-13,321.0,322,2.0,0.6,292,1,1,1,1,< 20%
06139301,2016-01-04,2023-02-20,372.0,373,66.0,17.7,31,1,1,1,1,< 20%
06183901NM,2020-06-15,2023-02-27,141.0,142,23.0,16.2,28,1,1,1,1,< 20%
06184902,2016-01-04,2023-02-27,373.0,374,70.0,18.7,32,1,1,1,1,< 20%
06210301,2016-01-04,2023-02-27,373.0,374,3.0,0.8,207,1,1,1,1,< 20%
06210302,2015-12-21,2023-02-27,375.0,376,15.0,4.0,155,1,1,1,1,< 20%
06212001,2015-12-21,2023-02-27,375.0,376,30.0,8.0,60,1,1,1,1,< 20%
06212001NM,2020-05-11,2023-02-27,146.0,147,12.0,8.2,37,1,1,1,1,< 20%
06217402,2016-02-08,2023-01-23,363.0,364,43.0,11.8,36,1,1,1,1,< 20%
06217702,2016-01-04,2023-02-27,373.0,374,67.0,17.9,35,1,1,1,1,< 20%
06218002,2016-01-04,2023-02-27,373.0,374,41.0,11.0,46,1,1,1,1,< 20%
06218080,2017-02-27,2023-02-27,313.0,314,43.0,13.7,57,1,1,1,1,< 20%
06220301,2016-01-04,2023-02-27,373.0,374,15.0,4.0,99,1,1,1,1,< 20%
06220601,2016-01-11,2023-02-27,372.0,373,33.0,8.8,147,1,1,1,1,< 20%
06243201,2016-01-25,2023-02-06,367.0,368,62.0,16.8,34,1,1,1,1,< 20%
06248702,2020-04-13,2023-02-27,150.0,151,27.0,17.9,15,1,1,1,1,< 20%
06254201,2016-02-01,2023-02-20,368.0,369,33.0,8.9,36,1,1,1,1,< 20%
06254201OM,2020-08-10,2023-03-06,134.0,135,21.0,15.6,14,1,1,1,1,< 20%
06298001,2015-12-21,2023-02-27,375.0,376,5.0,1.3,209,1,1,1,1,< 20%
06910302,2016-01-04,2023-01-23,368.0,369,54.0,14.6,66,1,1,1,1,< 20%
06916702,2015-12-28,2023-02-27,374.0,375,33.0,8.8,126,1,1,1,1,< 20%
06917002,2016-01-11,2023-02-20,371.0,372,46.0,12.4,114,1,1,1,1,< 20%
06944001,2016-03-28,2023-02-27,361.0,362,36.0,9.9,60,1,1,1,1,< 20%
06944401,2016-01-04,2023-02-27,373.0,374,15.0,4.0,84,1,1,1,1,< 20%
0701770212,2015-12-21,2023-02-06,372.0,373,45.0,12.1,36,1,1,1,1,< 20%
07044802,2015-12-14,2023-02-27,376.0,377,24.0,6.4,47,1,1,1,1,< 20%
07099501,2016-03-28,2023-02-27,361.0,362,46.0,12.7,37,1,1,1,1,< 20%
081192,2017-12-04,2023-02-27,273.0,274,3.0,1.1,122,1,1,1,1,< 20%
08119301,2015-12-21,2023-02-27,375.0,376,10.0,2.7,223,1,1,1,1,< 20%
08119701,2015-12-21,2023-02-27,375.0,376,47.0,12.5,123,1,1,1,1,< 20%
08119702,2016-01-04,2023-02-20,372.0,373,11.0,2.9,103,1,1,1,1,< 20%
09018602,2015-12-28,2023-03-06,375.0,376,36.0,9.6,53,1,1,1,1,< 20%
09096020,2018-01-29,2023-02-06,262.0,263,26.0,9.9,38,1,1,1,1,< 20%
09096022,2018-01-08,2023-02-27,268.0,269,14.0,5.2,83,1,1,1,1,< 20%
09286552,2016-01-04,2023-02-27,373.0,374,42.0,11.2,84,1,1,1,1,< 20%
09286563,2015-12-21,2023-03-06,376.0,377,74.0,19.6,87,1,1,1,1,< 20%
106103,2015-12-21,2023-02-27,375.0,376,3.0,0.8,201,1,1,1,1,< 20%
106177,2016-01-04,2023-02-20,372.0,373,47.0,12.6,71,1,1,1,1,< 20%
106180,2015-12-07,2023-02-27,377.0,378,16.0,4.2,223,1,1,1,1,< 20%
106437,2015-12-21,2023-02-27,375.0,376,44.0,11.7,48,1,1,1,1,< 20%
106486,2015-12-28,2023-02-27,374.0,375,69.0,18.4,26,1,1,1,1,< 20%
106603,2015-12-21,2023-02-27,375.0,376,44.0,11.7,69,1,1,1,1,< 20%
106980,2015-12-28,2023-02-27,374.0,375,5.0,1.3,222,1,1,1,1,< 20%
107167,2015-12-28,2023-02-13,372.0,373,53.0,14.2,40,1,1,1,1,< 20%
10717002,2015-12-07,2023-02-27,377.0,378,4.0,1.1,226,1,1,1,1,< 20%
1071749,2015-12-14,2023-02-27,376.0,377,30.0,8.0,143,1,1,1,1,< 20%
107395,2016-01-04,2023-01-23,368.0,369,7.0,1.9,207,1,1,1,1,< 20%
107839,2016-01-04,2023-02-27,373.0,374,4.0,1.1,223,1,1,1,1,< 20%
107922,2016-01-18,2023-02-27,371.0,372,35.0,9.4,68,1,1,1,1,< 20%
112441,2016-05-16,2023-02-27,354.0,355,45.0,12.7,24,1,1,1,1,< 20%
114444,2015-12-28,2023-02-27,374.0,375,35.0,9.3,59,1,1,1,1,< 20%
117103,2016-02-29,2023-02-20,364.0,365,63.0,17.3,46,1,1,1,1,< 20%
117175,2015-12-28,2023-01-16,368.0,369,58.0,15.7,69,1,1,1,1,< 20%
117333,2016-01-11,2023-02-27,372.0,373,54.0,14.5,59,1,1,1,1,< 20%
117440,2016-06-20,2023-02-27,349.0,350,12.0,3.4,83,1,1,1,1,< 20%
123100C,2015-12-21,2023-02-27,375.0,376,3.0,0.8,210,1,1,1,1,< 20%
123100F,2015-12-21,2023-02-27,375.0,376,0.0,0.0,376,1,1,1,1,< 20%
123103,2015-12-28,2023-02-27,374.0,375,67.0,17.9,32,1,1,1,1,< 20%
123125C,2015-12-21,2023-02-27,375.0,376,4.0,1.1,224,1,1,1,1,< 20%
123125F,2015-12-21,2023-02-27,375.0,376,4.0,1.1,190,1,1,1,1,< 20%
123155F,2016-03-14,2023-02-27,363.0,364,60.0,16.5,41,1,1,1,1,< 20%
123210,2016-04-04,2023-02-27,360.0,361,45.0,12.5,28,1,1,1,1,< 20%
123214,2015-12-07,2023-02-27,377.0,378,12.0,3.2,92,1,1,1,1,< 20%
123215,2015-12-14,2023-02-27,376.0,377,1.0,0.3,225,1,1,1,1,< 20%
123306,2015-12-21,2023-02-27,375.0,376,2.0,0.5,222,1,1,1,1,< 20%
123310,2016-01-04,2023-02-27,373.0,374,39.0,10.4,47,1,1,1,1,< 20%
123314,2015-12-28,2023-02-27,374.0,375,5.0,1.3,150,1,1,1,1,< 20%
123315,2015-12-21,2023-02-27,375.0,376,2.0,0.5,224,1,1,1,1,< 20%
123330,2016-02-08,2023-02-27,368.0,369,43.0,11.7,51,1,1,1,1,< 20%
123416,2016-05-16,2023-02-27,354.0,355,60.0,16.9,21,1,1,1,1,< 20%
123500F,2015-12-28,2023-02-27,374.0,375,5.0,1.3,99,1,1,1,1,< 20%
123505,2015-12-14,2023-02-27,376.0,377,3.0,0.8,224,1,1,1,1,< 20%
123506,2015-12-21,2023-02-27,375.0,376,1.0,0.3,224,1,1,1,1,< 20%
123515,2016-02-22,2023-02-27,366.0,367,1.0,0.3,216,1,1,1,1,< 20%
123520C,2015-12-21,2023-02-27,375.0,376,7.0,1.9,114,1,1,1,1,< 20%
123520F,2015-11-30,2023-02-27,378.0,379,1.0,0.3,227,1,1,1,1,< 20%
130335,2015-12-07,2023-02-27,377.0,378,1.0,0.3,226,1,1,1,1,< 20%
130336,2016-01-04,2023-02-20,372.0,373,54.0,14.5,29,1,1,1,1,< 20%
130337,2016-01-04,2023-02-27,373.0,374,20.0,5.3,224,1,1,1,1,< 20%
130484,2015-12-14,2023-02-27,376.0,377,62.0,16.4,46,1,1,1,1,< 20%
130493,2016-01-18,2023-02-20,370.0,371,33.0,8.9,186,1,1,1,1,< 20%
130495,2015-12-21,2023-03-06,376.0,377,21.0,5.6,66,1,1,1,1,< 20%
130496,2015-12-28,2023-02-27,374.0,375,61.0,16.3,36,1,1,1,1,< 20%
1306100310,2016-09-19,2023-02-20,335.0,336,57.0,17.0,22,1,1,1,1,< 20%
134122,2016-01-04,2023-02-27,373.0,374,8.0,2.1,115,1,1,1,1,< 20%
134123,2015-12-21,2023-02-27,375.0,376,0.0,0.0,376,1,1,1,1,< 20%
134123BM,2020-06-29,2023-03-06,140.0,141,8.0,5.7,90,1,1,1,1,< 20%
134123NM,2019-01-07,2023-02-27,216.0,217,3.0,1.4,117,1,1,1,1,< 20%
13413726,2015-12-21,2023-02-27,375.0,376,9.0,2.4,157,1,1,1,1,< 20%
13413730,2016-02-29,2023-02-27,365.0,366,10.0,2.7,182,1,1,1,1,< 20%
13413730NM,2020-02-03,2023-02-27,160.0,161,23.0,14.3,35,1,1,1,1,< 20%
13413826,2015-12-21,2023-02-27,375.0,376,15.0,4.0,115,1,1,1,1,< 20%
13413830,2016-01-11,2023-02-27,372.0,373,32.0,8.6,102,1,1,1,1,< 20%
13413830NM,2020-09-28,2023-02-27,126.0,127,24.0,18.9,14,1,1,1,1,< 20%
13413940,2015-12-28,2023-02-27,374.0,375,7.0,1.9,199,1,1,1,1,< 20%
134184,2015-11-23,2023-02-27,379.0,380,35.0,9.2,35,1,1,1,1,< 20%
134232,2015-12-28,2023-02-27,374.0,375,34.0,9.1,133,1,1,1,1,< 20%
134233,2016-01-04,2023-02-27,373.0,374,68.0,18.2,48,1,1,1,1,< 20%
13424010,2016-02-01,2023-02-20,368.0,369,44.0,11.9,55,1,1,1,1,< 20%
134302,2016-02-08,2023-03-06,369.0,370,67.0,18.1,22,1,1,1,1,< 20%
134315001,2020-11-16,2023-02-27,119.0,120,0.0,0.0,120,1,1,1,1,< 20%
134432,2016-01-11,2023-02-27,372.0,373,48.0,12.9,50,1,1,1,1,< 20%
134433,2016-01-04,2023-01-30,369.0,370,59.0,15.9,38,1,1,1,1,< 20%
134516,2015-12-28,2023-02-27,374.0,375,25.0,6.7,66,1,1,1,1,< 20%
13452102,2015-12-14,2023-02-27,376.0,377,7.0,1.9,190,1,1,1,1,< 20%
13452102NM,2020-05-04,2023-02-27,147.0,148,27.0,18.2,30,1,1,1,1,< 20%
13452202,2017-01-02,2023-02-20,320.0,321,33.0,10.3,58,1,1,1,1,< 20%
13453410,2016-03-28,2023-02-27,361.0,362,59.0,16.3,20,1,1,1,1,< 20%
13453420,2015-12-28,2023-02-27,374.0,375,7.0,1.9,134,1,1,1,1,< 20%
13453430,2015-12-28,2023-02-27,374.0,375,8.0,2.1,73,1,1,1,1,< 20%
13453440,2015-12-21,2023-02-20,374.0,375,42.0,11.2,111,1,1,1,1,< 20%
13454010,2015-12-14,2023-03-06,377.0,378,0.0,0.0,378,1,1,1,1,< 20%
13454030,2016-01-11,2023-02-27,372.0,373,24.0,6.4,94,1,1,1,1,< 20%
13454060,2015-12-28,2023-02-27,374.0,375,4.0,1.1,192,1,1,1,1,< 20%
13454070,2016-03-14,2023-02-27,363.0,364,65.0,17.9,21,1,1,1,1,< 20%
13454110,2016-01-04,2023-02-27,373.0,374,29.0,7.8,57,1,1,1,1,< 20%
13454160,2015-12-28,2023-02-27,374.0,375,4.0,1.1,241,1,1,1,1,< 20%
13454190,2016-01-04,2023-02-27,373.0,374,51.0,13.6,40,1,1,1,1,< 20%
134611,2015-12-21,2023-02-20,374.0,375,61.0,16.3,149,1,1,1,1,< 20%
134612,2015-12-14,2023-02-27,376.0,377,1.0,0.3,367,1,1,1,1,< 20%
134617,2016-01-04,2023-02-27,373.0,374,4.0,1.1,222,1,1,1,1,< 20%
134618,2016-01-11,2023-02-27,372.0,373,6.0,1.6,133,1,1,1,1,< 20%
134619,2015-12-28,2023-02-27,374.0,375,36.0,9.6,35,1,1,1,1,< 20%
13462101,2015-12-21,2023-02-27,375.0,376,14.0,3.7,116,1,1,1,1,< 20%
13462102,2015-12-21,2023-02-27,375.0,376,36.0,9.6,80,1,1,1,1,< 20%
13462104,2016-12-19,2023-02-27,323.0,324,21.0,6.5,60,1,1,1,1,< 20%
134627,2015-12-14,2023-02-27,376.0,377,3.0,0.8,151,1,1,1,1,< 20%
134628,2016-01-11,2023-02-27,372.0,373,57.0,15.3,55,1,1,1,1,< 20%
134629,2016-01-25,2023-03-06,371.0,372,71.0,19.1,48,1,1,1,1,< 20%
13463410,2015-12-14,2023-02-27,376.0,377,2.0,0.5,224,1,1,1,1,< 20%
13463420,2016-01-04,2023-02-20,372.0,373,50.0,13.4,130,1,1,1,1,< 20%
13463430,2015-12-21,2023-03-06,376.0,377,20.0,5.3,114,1,1,1,1,< 20%
13463460,2015-12-28,2023-02-27,374.0,375,3.0,0.8,208,1,1,1,1,< 20%
134714,2016-01-04,2023-02-27,373.0,374,21.0,5.6,219,1,1,1,1,< 20%
13474010,2016-09-05,2023-02-27,338.0,339,67.0,19.8,39,1,1,1,1,< 20%
13474110,2016-01-04,2023-02-27,373.0,374,19.0,5.1,62,1,1,1,1,< 20%
13474210,2016-01-04,2023-02-20,372.0,373,57.0,15.3,31,1,1,1,1,< 20%
13474310,2016-01-11,2023-02-27,372.0,373,36.0,9.7,44,1,1,1,1,< 20%
134748,2015-12-07,2023-02-27,377.0,378,2.0,0.5,166,1,1,1,1,< 20%
134757,2015-12-21,2023-02-27,375.0,376,50.0,13.3,66,1,1,1,1,< 20%
134835,2015-12-21,2023-02-27,375.0,376,15.0,4.0,211,1,1,1,1,< 20%
134944,2016-01-04,2023-02-27,373.0,374,39.0,10.4,32,1,1,1,1,< 20%
139102,2015-12-21,2023-01-23,370.0,371,3.0,0.8,257,1,1,1,1,< 20%
139103,2015-12-21,2023-02-13,373.0,374,46.0,12.3,81,1,1,1,1,< 20%
139120,2015-12-21,2023-02-20,374.0,375,38.0,10.1,217,1,1,1,1,< 20%
139441,2015-12-21,2023-02-27,375.0,376,11.0,2.9,154,1,1,1,1,< 20%
143835,2015-12-28,2023-03-06,375.0,376,4.0,1.1,173,1,1,1,1,< 20%
143836,2016-01-04,2023-02-27,373.0,374,47.0,12.6,54,1,1,1,1,< 20%
16110342NM,2020-05-25,2023-02-27,144.0,145,26.0,17.9,11,1,1,1,1,< 20%
16110362,2017-01-30,2023-02-20,316.0,317,58.0,18.3,22,1,1,1,1,< 20%
16110372,2015-12-14,2023-03-06,377.0,378,35.0,9.3,70,1,1,1,1,< 20%
16118740,2016-01-04,2023-02-13,371.0,372,37.0,9.9,76,1,1,1,1,< 20%
161475,2015-12-07,2023-02-27,377.0,378,3.0,0.8,192,1,1,1,1,< 20%
161835,2015-12-21,2023-02-27,375.0,376,1.0,0.3,364,1,1,1,1,< 20%
161838,2015-12-21,2023-02-27,375.0,376,6.0,1.6,157,1,1,1,1,< 20%
161839,2016-01-04,2023-02-27,373.0,374,2.0,0.5,166,1,1,1,1,< 20%
161840,2015-12-14,2023-03-06,377.0,378,0.0,0.0,378,1,1,1,1,< 20%
162113,2016-01-04,2023-01-16,367.0,368,35.0,9.5,36,1,1,1,1,< 20%
16235590,2016-02-22,2023-02-27,366.0,367,34.0,9.3,32,1,1,1,1,< 20%
162435,2016-02-29,2023-02-27,365.0,366,28.0,7.7,98,1,1,1,1,< 20%
162436,2015-12-21,2023-02-27,375.0,376,2.0,0.5,201,1,1,1,1,< 20%
162437,2015-12-14,2023-02-27,376.0,377,0.0,0.0,377,1,1,1,1,< 20%
162438,2015-12-28,2023-02-27,374.0,375,3.0,0.8,156,1,1,1,1,< 20%
162440,2015-12-14,2023-02-27,376.0,377,16.0,4.2,106,1,1,1,1,< 20%
162441,2015-12-21,2023-02-27,375.0,376,20.0,5.3,125,1,1,1,1,< 20%
162442,2015-12-14,2023-02-27,376.0,377,6.0,1.6,210,1,1,1,1,< 20%
162453,2016-01-04,2023-02-27,373.0,374,32.0,8.6,39,1,1,1,1,< 20%
162456,2015-12-14,2023-02-27,376.0,377,0.0,0.0,377,1,1,1,1,< 20%
162840,2016-01-04,2023-02-27,373.0,374,9.0,2.4,188,1,1,1,1,< 20%
169103,2015-12-28,2023-02-27,374.0,375,6.0,1.6,172,1,1,1,1,< 20%
169120,2015-12-28,2023-02-06,371.0,372,19.0,5.1,222,1,1,1,1,< 20%
169440,2016-01-04,2023-02-27,373.0,374,2.0,0.5,177,1,1,1,1,< 20%
17010302,2015-12-14,2023-02-20,375.0,376,0.0,0.0,376,1,1,1,1,< 20%
17012002,2015-12-21,2023-02-27,375.0,376,6.0,1.6,157,1,1,1,1,< 20%
17016702,2015-12-21,2023-02-27,375.0,376,3.0,0.8,324,1,1,1,1,< 20%
17017002,2015-12-21,2023-01-23,370.0,371,1.0,0.3,367,1,1,1,1,< 20%
17021802,2015-12-21,2023-03-06,376.0,377,2.0,0.5,223,1,1,1,1,< 20%
17031802,2015-12-28,2023-03-06,375.0,376,5.0,1.3,223,1,1,1,1,< 20%
17032002,2015-12-21,2023-02-27,375.0,376,1.0,0.3,223,1,1,1,1,< 20%
17033202,2016-01-04,2023-02-27,373.0,374,4.0,1.1,219,1,1,1,1,< 20%
17033302,2015-12-21,2023-02-27,375.0,376,3.0,0.8,222,1,1,1,1,< 20%
17041802,2016-01-04,2023-02-20,372.0,373,71.0,19.0,23,1,1,1,1,< 20%
17044002,2015-12-21,2023-02-20,374.0,375,6.0,1.6,224,1,1,1,1,< 20%
17044102,2015-12-14,2023-02-27,376.0,377,2.0,0.5,225,1,1,1,1,< 20%
17044702,2016-01-04,2023-02-27,373.0,374,25.0,6.7,117,1,1,1,1,< 20%
172103,2015-12-28,2023-01-30,370.0,371,16.0,4.3,137,1,1,1,1,< 20%
172218,2015-12-28,2023-02-27,374.0,375,14.0,3.7,94,1,1,1,1,< 20%
172317,2016-01-04,2023-02-27,373.0,374,67.0,17.9,27,1,1,1,1,< 20%
172318,2015-12-21,2023-02-27,375.0,376,28.0,7.4,39,1,1,1,1,< 20%
17231811,2015-12-28,2023-02-27,374.0,375,12.0,3.2,87,1,1,1,1,< 20%
172333,2016-01-04,2023-02-27,373.0,374,35.0,9.4,62,1,1,1,1,< 20%
17233311,2015-12-28,2023-02-27,374.0,375,4.0,1.1,223,1,1,1,1,< 20%
172367,2016-01-04,2023-01-30,369.0,370,59.0,15.9,52,1,1,1,1,< 20%
172370,2015-12-14,2023-01-30,372.0,373,49.0,13.1,58,1,1,1,1,< 20%
172418,2015-12-28,2023-02-27,374.0,375,2.0,0.5,208,1,1,1,1,< 20%
172420,2015-12-21,2023-02-27,375.0,376,2.0,0.5,223,1,1,1,1,< 20%
172440,2015-12-21,2023-02-27,375.0,376,7.0,1.9,209,1,1,1,1,< 20%
172450,2015-12-21,2023-02-27,375.0,376,2.0,0.5,223,1,1,1,1,< 20%
17410306,2015-12-07,2023-02-27,377.0,378,2.0,0.5,225,1,1,1,1,< 20%
17412006,2015-12-14,2023-02-27,376.0,377,4.0,1.1,149,1,1,1,1,< 20%
17416706,2015-12-14,2023-02-27,376.0,377,1.0,0.3,225,1,1,1,1,< 20%
17417006,2015-12-07,2023-02-27,377.0,378,1.0,0.3,226,1,1,1,1,< 20%
17433306,2015-12-21,2023-02-20,374.0,375,6.0,1.6,209,1,1,1,1,< 20%
17444106,2015-12-21,2023-02-27,375.0,376,1.0,0.3,224,1,1,1,1,< 20%
181103,2015-12-21,2023-03-06,376.0,377,0.0,0.0,377,1,1,1,1,< 20%
181113,2015-12-14,2023-02-27,376.0,377,14.0,3.7,89,1,1,1,1,< 20%
181120,2015-12-21,2023-02-27,375.0,376,3.0,0.8,209,1,1,1,1,< 20%
1811649,2015-12-28,2023-01-16,368.0,369,47.0,12.7,53,1,1,1,1,< 20%
1811749,2016-02-01,2023-01-30,365.0,366,17.0,4.6,75,1,1,1,1,< 20%
181191,2015-12-21,2023-02-27,375.0,376,11.0,2.9,91,1,1,1,1,< 20%
181203,2015-12-21,2023-02-27,375.0,376,4.0,1.1,209,1,1,1,1,< 20%
181207,2015-12-14,2023-01-23,371.0,372,74.0,19.9,32,1,1,1,1,< 20%
181217,2016-01-04,2023-02-27,373.0,374,41.0,11.0,69,1,1,1,1,< 20%
181222,2016-01-04,2023-02-27,373.0,374,57.0,15.2,32,1,1,1,1,< 20%
181223,2015-12-14,2023-02-27,376.0,377,0.0,0.0,377,1,1,1,1,< 20%
181385,2015-12-21,2023-02-27,375.0,376,13.0,3.5,139,1,1,1,1,< 20%
18138503,2020-05-25,2023-01-30,140.0,141,8.0,5.7,67,1,1,1,1,< 20%
181386,2016-08-08,2023-02-13,340.0,341,57.0,16.7,66,1,1,1,1,< 20%
181436,2015-12-21,2023-02-27,375.0,376,1.0,0.3,224,1,1,1,1,< 20%
181437,2015-12-14,2023-02-27,376.0,377,1.0,0.3,376,1,1,1,1,< 20%
181438,2015-12-21,2023-02-27,375.0,376,0.0,0.0,376,1,1,1,1,< 20%
181468,2015-12-21,2023-02-27,375.0,376,3.0,0.8,192,1,1,1,1,< 20%
181474,2015-12-21,2023-02-27,375.0,376,13.0,3.5,209,1,1,1,1,< 20%
181540,2016-02-22,2023-02-20,365.0,366,59.0,16.1,26,1,1,1,1,< 20%
18188005,2016-01-04,2023-01-16,367.0,368,43.0,11.7,84,1,1,1,1,< 20%
190162,2015-12-28,2023-02-27,374.0,375,36.0,9.6,85,1,1,1,1,< 20%
190186,2016-01-04,2023-02-27,373.0,374,15.0,4.0,136,1,1,1,1,< 20%
190214,2016-01-04,2023-02-06,370.0,371,36.0,9.7,57,1,1,1,1,< 20%
190385,2015-12-21,2023-01-23,370.0,371,39.0,10.5,45,1,1,1,1,< 20%
190652,2015-12-14,2023-02-13,374.0,375,38.0,10.1,88,1,1,1,1,< 20%
1950010126,2020-04-13,2023-02-20,149.0,150,23.0,15.3,23,1,1,1,1,< 20%
20010101,2015-12-21,2023-02-27,375.0,376,2.0,0.5,335,1,1,1,1,< 20%
20010301,2015-12-21,2023-03-06,376.0,377,0.0,0.0,377,1,1,1,1,< 20%
20010301BM,2020-01-06,2023-02-27,164.0,165,17.0,10.3,41,1,1,1,1,< 20%
20010301D,2015-12-07,2023-02-27,377.0,378,3.0,0.8,185,1,1,1,1,< 20%
20010301NM,2020-06-01,2023-03-06,144.0,145,5.0,3.4,70,1,1,1,1,< 20%
20010302,2015-12-21,2023-02-27,375.0,376,7.0,1.9,262,1,1,1,1,< 20%
20011001,2015-12-21,2023-02-27,375.0,376,43.0,11.4,139,1,1,1,1,< 20%
20012001,2015-12-14,2023-02-27,376.0,377,1.0,0.3,340,1,1,1,1,< 20%
20012001D,2015-12-07,2023-02-27,377.0,378,8.0,2.1,159,1,1,1,1,< 20%
20012002,2015-12-28,2023-02-27,374.0,375,60.0,16.0,73,1,1,1,1,< 20%
20016201,2015-12-14,2023-02-13,374.0,375,68.0,18.1,95,1,1,1,1,< 20%
20016203,2015-12-14,2023-01-30,372.0,373,64.0,17.2,63,1,1,1,1,< 20%
20016701,2015-12-28,2023-02-27,374.0,375,16.0,4.3,188,1,1,1,1,< 20%
20017001,2015-12-07,2023-02-27,377.0,378,3.0,0.8,298,1,1,1,1,< 20%
20017401,2016-02-22,2023-02-27,366.0,367,25.0,6.8,154,1,1,1,1,< 20%
20017409,2015-12-21,2023-02-27,375.0,376,7.0,1.9,123,1,1,1,1,< 20%
20017701,2015-12-28,2023-02-27,374.0,375,30.0,8.0,80,1,1,1,1,< 20%
20018001,2015-12-21,2023-02-27,375.0,376,2.0,0.5,189,1,1,1,1,< 20%
20018002,2015-12-14,2023-02-27,376.0,377,1.0,0.3,306,1,1,1,1,< 20%
20018005,2015-12-28,2023-02-20,373.0,374,73.0,19.5,52,1,1,1,1,< 20%
20018080,2017-03-13,2023-02-06,308.0,309,60.0,19.4,56,1,1,1,1,< 20%
20018201,2016-12-19,2023-02-20,322.0,323,10.0,3.1,87,1,1,1,1,< 20%
20020303,2016-12-12,2023-03-06,325.0,326,1.0,0.3,205,1,1,1,1,< 20%
20020304,2017-01-16,2023-02-27,319.0,320,51.0,15.9,30,1,1,1,1,< 20%
20020305,2016-12-12,2023-02-27,324.0,325,2.0,0.6,218,1,1,1,1,< 20%
20020306,2017-01-02,2023-02-13,319.0,320,63.0,19.7,37,1,1,1,1,< 20%
20020501,2016-01-04,2023-02-27,373.0,374,21.0,5.6,52,1,1,1,1,< 20%
20020502,2015-12-28,2023-02-27,374.0,375,34.0,9.1,92,1,1,1,1,< 20%
20020504,2016-02-29,2023-02-27,365.0,366,47.0,12.8,43,1,1,1,1,< 20%
20020505,2016-01-04,2023-02-27,373.0,374,64.0,17.1,40,1,1,1,1,< 20%
20031201,2016-01-11,2023-02-06,369.0,370,56.0,15.1,73,1,1,1,1,< 20%
20044001,2015-12-21,2023-02-27,375.0,376,23.0,6.1,174,1,1,1,1,< 20%
20047501,2015-12-14,2023-02-27,376.0,377,39.0,10.3,119,1,1,1,1,< 20%
20118001,2016-01-04,2023-01-16,367.0,368,71.0,19.3,143,1,1,1,1,< 20%
20210301,2015-12-21,2023-02-27,375.0,376,1.0,0.3,190,1,1,1,1,< 20%
20210301D,2016-01-04,2023-03-06,374.0,375,36.0,9.6,44,1,1,1,1,< 20%
20210301NM,2020-01-06,2023-03-06,165.0,166,6.0,3.6,51,1,1,1,1,< 20%
20210303,2015-12-07,2023-02-27,377.0,378,19.0,5.0,86,1,1,1,1,< 20%
20210305,2016-01-04,2023-02-27,373.0,374,58.0,15.5,33,1,1,1,1,< 20%
20212001,2015-12-21,2023-02-27,375.0,376,12.0,3.2,138,1,1,1,1,< 20%
20212001D,2016-01-04,2023-02-20,372.0,373,64.0,17.2,83,1,1,1,1,< 20%
20217001,2016-01-04,2023-02-27,373.0,374,44.0,11.8,84,1,1,1,1,< 20%
20219501,2016-01-04,2023-02-13,371.0,372,52.0,14.0,25,1,1,1,1,< 20%
20263901,2015-12-14,2023-02-27,376.0,377,8.0,2.1,86,1,1,1,1,< 20%
20263901NM,2019-09-23,2023-02-27,179.0,180,12.0,6.7,32,1,1,1,1,< 20%
20310301,2015-12-28,2023-03-06,375.0,376,14.0,3.7,191,1,1,1,1,< 20%
20310303,2015-12-28,2023-01-23,369.0,370,6.0,1.6,188,1,1,1,1,< 20%
20312003,2015-12-28,2023-01-23,369.0,370,40.0,10.8,45,1,1,1,1,< 20%
20316701,2015-12-21,2023-02-27,375.0,376,10.0,2.7,188,1,1,1,1,< 20%
20317001,2015-12-28,2023-01-23,369.0,370,9.0,2.4,221,1,1,1,1,< 20%
20318001,2015-12-28,2023-02-27,374.0,375,61.0,16.3,34,1,1,1,1,< 20%
20318002,2016-02-01,2023-02-27,369.0,370,2.0,0.5,289,1,1,1,1,< 20%
20320301,2016-01-04,2023-02-20,372.0,373,15.0,4.0,156,1,1,1,1,< 20%
20324501,2016-01-04,2023-02-06,370.0,371,68.0,18.3,34,1,1,1,1,< 20%
20410301,2015-12-14,2023-02-27,376.0,377,0.0,0.0,377,1,1,1,1,< 20%
20410301D,2015-12-14,2023-02-27,376.0,377,2.0,0.5,228,1,1,1,1,< 20%
20412001,2015-12-14,2023-02-27,376.0,377,0.0,0.0,377,1,1,1,1,< 20%
20412001D,2015-12-21,2023-02-27,375.0,376,14.0,3.7,105,1,1,1,1,< 20%
20416701,2015-11-30,2023-02-27,378.0,379,0.0,0.0,379,1,1,1,1,< 20%
20417001,2015-12-14,2023-02-27,376.0,377,0.0,0.0,377,1,1,1,1,< 20%
20417701,2015-12-21,2023-02-27,375.0,376,15.0,4.0,105,1,1,1,1,< 20%
20418001,2016-02-01,2023-02-27,369.0,370,24.0,6.5,80,1,1,1,1,< 20%
20418002,2015-12-14,2023-02-27,376.0,377,3.0,0.8,210,1,1,1,1,< 20%
20419601,2015-11-30,2023-02-20,377.0,378,6.0,1.6,371,1,1,1,1,< 20%
20419602,2015-12-28,2023-01-23,369.0,370,3.0,0.8,223,1,1,1,1,< 20%
20419603,2015-12-21,2023-01-16,369.0,370,4.0,1.1,222,1,1,1,1,< 20%
20438501,2016-01-04,2023-02-27,373.0,374,11.0,2.9,229,1,1,1,1,< 20%
20438701,2015-12-14,2023-02-06,373.0,374,3.0,0.8,225,1,1,1,1,< 20%
20438702,2015-12-14,2023-01-30,372.0,373,3.0,0.8,210,1,1,1,1,< 20%
20438703,2015-12-21,2023-02-20,374.0,375,12.0,3.2,174,1,1,1,1,< 20%
20438704,2015-12-28,2023-01-30,370.0,371,11.0,3.0,157,1,1,1,1,< 20%
20438708,2018-07-09,2023-02-06,239.0,240,22.0,9.2,83,1,1,1,1,< 20%
20439501,2015-12-21,2023-02-06,372.0,373,31.0,8.3,222,1,1,1,1,< 20%
20510301,2015-12-14,2023-03-06,377.0,378,0.0,0.0,378,1,1,1,1,< 20%
20510301D,2016-01-04,2023-02-27,373.0,374,9.0,2.4,89,1,1,1,1,< 20%
20510303,2015-12-14,2023-02-27,376.0,377,3.0,0.8,193,1,1,1,1,< 20%
20510305,2015-11-09,2023-01-23,376.0,377,15.0,4.0,123,1,1,1,1,< 20%
20511201,2017-01-30,2023-02-27,317.0,318,46.0,14.5,30,1,1,1,1,< 20%
20512001,2015-12-14,2023-02-27,376.0,377,2.0,0.5,224,1,1,1,1,< 20%
20512001D,2016-01-04,2023-02-27,373.0,374,38.0,10.2,82,1,1,1,1,< 20%
20516701,2015-12-28,2023-02-27,374.0,375,16.0,4.3,190,1,1,1,1,< 20%
20517001,2015-12-21,2023-02-27,375.0,376,9.0,2.4,158,1,1,1,1,< 20%
205174019,2015-12-21,2023-03-06,376.0,377,12.0,3.2,149,1,1,1,1,< 20%
20518001,2016-02-15,2023-02-13,365.0,366,63.0,17.2,65,1,1,1,1,< 20%
20518002,2015-12-21,2023-02-27,375.0,376,7.0,1.9,221,1,1,1,1,< 20%
20518201,2017-01-02,2023-02-27,321.0,322,2.0,0.6,169,1,1,1,1,< 20%
20518301,2017-01-02,2023-02-20,320.0,321,48.0,15.0,37,1,1,1,1,< 20%
20522201,2016-04-04,2023-02-27,360.0,361,32.0,8.9,46,1,1,1,1,< 20%
20522301,2015-12-14,2023-03-06,377.0,378,0.0,0.0,378,1,1,1,1,< 20%
20522301NM,2019-09-09,2023-02-20,180.0,181,18.0,9.9,63,1,1,1,1,< 20%
20531201,2015-12-28,2023-01-30,370.0,371,41.0,11.1,117,1,1,1,1,< 20%
20539501,2016-02-01,2023-02-20,368.0,369,42.0,11.4,71,1,1,1,1,< 20%
20544001,2015-12-21,2023-02-27,375.0,376,20.0,5.3,180,1,1,1,1,< 20%
20544001NM,2018-04-23,2023-02-27,253.0,254,47.0,18.5,23,1,1,1,1,< 20%
20548601,2015-12-28,2023-02-27,374.0,375,19.0,5.1,210,1,1,1,1,< 20%
20548601NM,2020-08-10,2023-02-27,133.0,134,22.0,16.4,21,1,1,1,1,< 20%
20548702,2020-08-24,2023-02-20,130.0,131,25.0,19.1,16,1,1,1,1,< 20%
20560302,2016-01-04,2023-02-27,373.0,374,60.0,16.0,61,1,1,1,1,< 20%
20718201,2017-01-09,2023-03-06,321.0,322,13.0,4.0,75,1,1,1,1,< 20%
20718202,2017-01-16,2023-02-13,317.0,318,45.0,14.2,36,1,1,1,1,< 20%
20725201,2015-12-21,2023-02-27,375.0,376,9.0,2.4,190,1,1,1,1,< 20%
20725204,2015-12-14,2023-02-13,374.0,375,28.0,7.5,58,1,1,1,1,< 20%
20735201,2015-12-21,2023-02-20,374.0,375,18.0,4.8,89,1,1,1,1,< 20%
20735201NM,2018-08-13,2023-01-23,232.0,233,43.0,18.5,29,1,1,1,1,< 20%
21027301,2017-01-30,2023-02-13,315.0,316,53.0,16.8,42,1,1,1,1,< 20%
21027313,2017-06-12,2023-02-27,298.0,299,15.0,5.0,85,1,1,1,1,< 20%
21027391,2017-01-09,2023-02-27,320.0,321,42.0,13.1,43,1,1,1,1,< 20%
21027399,2017-01-02,2023-02-27,321.0,322,48.0,14.9,84,1,1,1,1,< 20%
21110301,2018-01-01,2023-03-06,270.0,271,0.0,0.0,271,1,1,1,1,< 20%
21110301AC,2020-01-06,2023-03-06,165.0,166,7.0,4.2,73,1,1,1,1,< 20%
21110301BM,2019-12-30,2023-02-27,165.0,166,8.0,4.8,52,1,1,1,1,< 20%
21110301D,2018-01-08,2023-03-06,269.0,270,3.0,1.1,167,1,1,1,1,< 20%
21110301KM,2019-12-30,2023-03-06,166.0,167,11.0,6.6,50,1,1,1,1,< 20%
21110301NM,2019-12-30,2023-03-06,166.0,167,0.0,0.0,167,1,1,1,1,< 20%
21110301OM,2019-12-30,2023-02-27,165.0,166,11.0,6.6,37,1,1,1,1,< 20%
21110301OR,2019-12-30,2023-02-27,165.0,166,13.0,7.8,73,1,1,1,1,< 20%
21110302,2018-01-08,2023-02-27,268.0,269,28.0,10.4,33,1,1,1,1,< 20%
21110302NM,2020-05-04,2023-02-27,147.0,148,16.0,10.8,47,1,1,1,1,< 20%
21112001,2018-01-01,2023-02-27,269.0,270,2.0,0.7,165,1,1,1,1,< 20%
21112001D,2018-03-12,2023-03-06,260.0,261,10.0,3.8,67,1,1,1,1,< 20%
21112001NM,2019-12-30,2023-03-06,166.0,167,3.0,1.8,136,1,1,1,1,< 20%
21116701,2018-02-05,2023-02-27,264.0,265,28.0,10.6,34,1,1,1,1,< 20%
21116701NM,2018-10-22,2023-02-27,227.0,228,22.0,9.6,41,1,1,1,1,< 20%
21117001,2018-01-08,2023-02-27,268.0,269,1.0,0.4,165,1,1,1,1,< 20%
21117001BM,2020-08-24,2023-02-27,131.0,132,22.0,16.7,25,1,1,1,1,< 20%
21117001NM,2018-02-05,2023-02-27,264.0,265,2.0,0.8,137,1,1,1,1,< 20%
21117409,2018-03-26,2023-01-30,253.0,254,28.0,11.0,78,1,1,1,1,< 20%
21117409NM,2018-04-23,2023-02-06,250.0,251,32.0,12.7,34,1,1,1,1,< 20%
21120301,2018-01-29,2023-03-06,266.0,267,1.0,0.4,219,1,1,1,1,< 20%
21120301NM,2019-12-30,2023-02-27,165.0,166,0.0,0.0,166,1,1,1,1,< 20%
21120501,2018-03-26,2023-02-27,257.0,258,17.0,6.6,56,1,1,1,1,< 20%
21130501,2019-02-11,2023-03-06,212.0,213,39.0,18.3,19,1,1,1,1,< 20%
21139501NM,2019-12-30,2023-02-20,164.0,165,6.0,3.6,83,1,1,1,1,< 20%
21139502,2018-01-01,2023-03-06,270.0,271,25.0,9.2,48,1,1,1,1,< 20%
21180301,2018-01-08,2023-02-27,268.0,269,2.0,0.7,154,1,1,1,1,< 20%
21180301NM,2019-12-30,2023-02-27,165.0,166,3.0,1.8,113,1,1,1,1,< 20%
21510310,2020-08-24,2023-02-27,131.0,132,0.0,0.0,132,1,1,1,1,< 20%
21510310D,2020-10-19,2023-02-27,123.0,124,3.0,2.4,60,1,1,1,1,< 20%
21512010,2020-10-12,2023-02-27,124.0,125,0.0,0.0,125,1,1,1,1,< 20%
21516710,2020-08-03,2023-02-27,134.0,135,0.0,0.0,135,1,1,1,1,< 20%
21517010,2020-07-20,2023-02-27,136.0,137,0.0,0.0,137,1,1,1,1,< 20%
21533301,2019-03-11,2023-02-27,207.0,208,1.0,0.5,166,1,1,1,1,< 20%
21544101,2019-03-18,2023-02-27,206.0,207,0.0,0.0,207,1,1,1,1,< 20%
21599002,2019-05-20,2023-02-27,197.0,198,13.0,6.6,31,1,1,1,1,< 20%
21610310,2020-08-24,2023-02-27,131.0,132,0.0,0.0,132,1,1,1,1,< 20%
21610410,2020-08-17,2023-02-27,132.0,133,15.0,11.3,25,1,1,1,1,< 20%
21612010,2020-10-12,2023-02-27,124.0,125,0.0,0.0,125,1,1,1,1,< 20%
21616401,2019-10-21,2023-02-27,175.0,176,17.0,9.7,40,1,1,1,1,< 20%
21616409,2020-05-04,2023-02-27,147.0,148,13.0,8.8,31,1,1,1,1,< 20%
21616710,2020-08-17,2023-02-27,132.0,133,1.0,0.8,82,1,1,1,1,< 20%
21617010,2020-08-03,2023-02-27,134.0,135,1.0,0.7,82,1,1,1,1,< 20%
21619110,2020-09-21,2023-02-27,127.0,128,5.0,3.9,63,1,1,1,1,< 20%
21639301,2019-10-14,2023-03-06,177.0,178,2.0,1.1,166,1,1,1,1,< 20%
21639501,2020-10-19,2023-02-27,123.0,124,7.0,5.6,69,1,1,1,1,< 20%
21644010,2020-06-29,2023-03-06,140.0,141,0.0,0.0,141,1,1,1,1,< 20%
21644710,2020-06-29,2023-02-27,139.0,140,0.0,0.0,140,1,1,1,1,< 20%
21710301,2020-02-17,2023-02-27,158.0,159,0.0,0.0,159,1,1,1,1,< 20%
21710401,2020-05-04,2023-02-27,147.0,148,8.0,5.4,35,1,1,1,1,< 20%
21712001,2020-04-06,2023-02-27,151.0,152,3.0,2.0,67,1,1,1,1,< 20%
21712301,2020-05-25,2023-02-20,143.0,144,4.0,2.8,42,1,1,1,1,< 20%
21716701,2020-04-20,2023-02-27,149.0,150,0.0,0.0,150,1,1,1,1,< 20%
21717001,2020-04-06,2023-02-27,151.0,152,2.0,1.3,113,1,1,1,1,< 20%
21719101,2020-06-15,2023-02-27,141.0,142,12.0,8.5,28,1,1,1,1,< 20%
21720301,2020-02-17,2023-02-27,158.0,159,5.0,3.1,48,1,1,1,1,< 20%
21739301,2020-05-04,2023-02-27,147.0,148,2.0,1.4,74,1,1,1,1,< 20%
21810301,2020-07-06,2023-02-27,138.0,139,3.0,2.2,53,1,1,1,1,< 20%
21812001,2020-11-02,2023-02-27,121.0,122,9.0,7.4,38,1,1,1,1,< 20%
24210201,2019-08-26,2023-02-27,183.0,184,18.0,9.8,33,1,1,1,1,< 20%
24210301,2018-01-01,2023-02-27,269.0,270,8.0,3.0,72,1,1,1,1,< 20%
24210301LM,2020-09-14,2023-02-27,128.0,129,17.0,13.2,37,1,1,1,1,< 20%
24210301LV,2018-01-08,2023-02-27,268.0,269,11.0,4.1,70,1,1,1,1,< 20%
24210601,2020-08-31,2023-02-27,130.0,131,26.0,19.8,13,1,1,1,1,< 20%
24210801,2019-03-25,2023-02-27,205.0,206,13.0,6.3,53,1,1,1,1,< 20%
24210801LM,2020-04-13,2023-02-27,150.0,151,28.0,18.5,22,1,1,1,1,< 20%
24210801LV,2019-04-22,2023-03-06,202.0,203,32.0,15.8,22,1,1,1,1,< 20%
24210901,2019-12-30,2023-02-27,165.0,166,6.0,3.6,51,1,1,1,1,< 20%
24210902,2019-04-22,2023-02-27,201.0,202,28.0,13.9,20,1,1,1,1,< 20%
24217601,2019-12-16,2023-02-27,167.0,168,26.0,15.5,29,1,1,1,1,< 20%
24218003,2018-03-26,2023-02-27,257.0,258,42.0,16.3,23,1,1,1,1,< 20%
24219502,2020-08-17,2023-02-13,130.0,131,21.0,16.0,24,1,1,1,1,< 20%
24284001,2020-01-06,2023-02-27,164.0,165,2.0,1.2,80,1,1,1,1,< 20%
24284001AC,2019-12-09,2023-03-06,169.0,170,2.0,1.2,149,1,1,1,1,< 20%
24284001BM,2019-12-30,2023-02-27,165.0,166,2.0,1.2,91,1,1,1,1,< 20%
24284001LM,2020-05-04,2023-02-27,147.0,148,6.0,4.1,64,1,1,1,1,< 20%
24284001LV,2020-01-13,2023-03-06,164.0,165,7.0,4.2,56,1,1,1,1,< 20%
24284001NM,2019-07-15,2023-03-06,190.0,191,0.0,0.0,191,1,1,1,1,< 20%
24284001OM,2020-01-27,2023-03-06,162.0,163,0.0,0.0,163,1,1,1,1,< 20%
24284001OR,2020-04-06,2023-02-27,151.0,152,1.0,0.7,146,1,1,1,1,< 20%
24284002NM,2020-09-14,2023-02-27,128.0,129,6.0,4.7,54,1,1,1,1,< 20%
26117001,2016-02-22,2023-02-27,366.0,367,16.0,4.4,94,1,1,1,1,< 20%
26117001NM,2018-10-08,2023-02-27,229.0,230,16.0,7.0,30,1,1,1,1,< 20%
26117209,2018-08-20,2023-02-20,235.0,236,27.0,11.4,39,1,1,1,1,< 20%
26121001,2018-01-22,2023-02-06,263.0,264,44.0,16.7,22,1,1,1,1,< 20%
26212001,2016-01-04,2023-02-27,373.0,374,3.0,0.8,217,1,1,1,1,< 20%
26212001D,2016-10-17,2023-02-27,332.0,333,44.0,13.2,28,1,1,1,1,< 20%
26230701,2015-12-21,2023-03-06,376.0,377,1.0,0.3,219,1,1,1,1,< 20%
26230701NM,2020-01-13,2023-03-06,164.0,165,0.0,0.0,165,1,1,1,1,< 20%
26230801,2016-01-04,2023-02-27,373.0,374,11.0,2.9,137,1,1,1,1,< 20%
26230801NM,2020-08-10,2023-02-20,132.0,133,14.0,10.5,21,1,1,1,1,< 20%
26238701,2020-12-28,2023-02-27,113.0,114,16.0,14.0,25,1,1,1,1,< 20%
26238701NM,2020-03-30,2023-02-20,151.0,152,3.0,2.0,87,1,1,1,1,< 20%
26247001,2018-01-08,2023-02-06,265.0,266,14.0,5.3,80,1,1,1,1,< 20%
26290301,2015-12-14,2023-02-27,376.0,377,1.0,0.3,341,1,1,1,1,< 20%
26290301AC,2020-05-25,2023-02-27,144.0,145,11.0,7.6,42,1,1,1,1,< 20%
26290301BM,2020-01-13,2023-02-27,163.0,164,8.0,4.9,62,1,1,1,1,< 20%
26290301D,2016-01-11,2023-02-27,372.0,373,30.0,8.0,51,1,1,1,1,< 20%
26290301NM,2019-12-30,2023-02-27,165.0,166,0.0,0.0,166,1,1,1,1,< 20%
26290301OM,2020-01-06,2023-02-27,164.0,165,20.0,12.1,28,1,1,1,1,< 20%
26290401,2016-03-07,2023-02-27,364.0,365,58.0,15.9,33,1,1,1,1,< 20%
26290402,2016-01-11,2023-02-27,372.0,373,18.0,4.8,52,1,1,1,1,< 20%
26290402NM,2020-09-21,2023-02-27,127.0,128,22.0,17.2,15,1,1,1,1,< 20%
26290403,2015-12-21,2023-02-27,375.0,376,15.0,4.0,53,1,1,1,1,< 20%
26290403NM,2020-10-12,2023-02-20,123.0,124,24.0,19.4,17,1,1,1,1,< 20%
29908406,2016-01-25,2023-02-27,370.0,371,14.0,3.8,81,1,1,1,1,< 20%
29911351,2016-01-04,2023-03-06,374.0,375,0.0,0.0,375,1,1,1,1,< 20%
29919503,2017-09-18,2023-02-27,284.0,285,41.0,14.4,24,1,1,1,1,< 20%
29919505,2019-01-14,2023-02-27,215.0,216,41.0,19.0,22,1,1,1,1,< 20%
29919506,2016-01-11,2023-02-27,372.0,373,30.0,8.0,49,1,1,1,1,< 20%
29925016,2018-02-12,2023-02-13,261.0,262,49.0,18.7,74,1,1,1,1,< 20%
29925064,2018-02-12,2023-02-13,261.0,262,49.0,18.7,65,1,1,1,1,< 20%
29955304,2018-10-29,2023-02-27,226.0,227,18.0,7.9,69,1,1,1,1,< 20%
29961001,2017-04-24,2023-02-27,305.0,306,38.0,12.4,44,1,1,1,1,< 20%
29961002,2017-01-09,2023-02-27,320.0,321,17.0,5.3,69,1,1,1,1,< 20%
29961006,2016-10-17,2023-02-27,332.0,333,48.0,14.4,20,1,1,1,1,< 20%
29963105,2016-02-22,2023-02-27,366.0,367,5.0,1.4,174,1,1,1,1,< 20%
29963106,2015-12-21,2023-02-27,375.0,376,7.0,1.9,157,1,1,1,1,< 20%
29963108,2016-01-04,2023-02-27,373.0,374,1.0,0.3,194,1,1,1,1,< 20%
29963109,2018-04-09,2023-02-27,255.0,256,43.0,16.8,50,1,1,1,1,< 20%
29963109LV,2018-03-26,2023-02-27,257.0,258,40.0,15.5,32,1,1,1,1,< 20%
29963111,2020-10-26,2023-02-27,122.0,123,8.0,6.5,46,1,1,1,1,< 20%
29963206,2015-12-21,2023-02-20,374.0,375,42.0,11.2,76,1,1,1,1,< 20%
29963901,2015-12-28,2023-02-27,374.0,375,0.0,0.0,375,1,1,1,1,< 20%
29963902,2015-12-21,2023-02-13,373.0,374,44.0,11.8,81,1,1,1,1,< 20%
29963920,2016-01-04,2023-02-27,373.0,374,2.0,0.5,151,1,1,1,1,< 20%
29974802,2016-01-04,2023-02-27,373.0,374,25.0,6.7,85,1,1,1,1,< 20%
29974901,2016-01-04,2023-03-06,374.0,375,22.0,5.9,65,1,1,1,1,< 20%
29974903,2016-01-18,2023-02-27,371.0,372,72.0,19.4,23,1,1,1,1,< 20%
29974904,2016-01-18,2023-03-06,372.0,373,56.0,15.0,33,1,1,1,1,< 20%
29974905,2017-01-02,2023-02-27,321.0,322,31.0,9.6,32,1,1,1,1,< 20%
29974906,2017-01-02,2023-02-27,321.0,322,17.0,5.3,84,1,1,1,1,< 20%
29989601,2017-10-09,2023-02-20,280.0,281,54.0,19.2,15,1,1,1,1,< 20%
29989603,2017-01-02,2023-02-27,321.0,322,48.0,14.9,31,1,1,1,1,< 20%
29990302,2016-01-04,2023-02-20,372.0,373,43.0,11.5,109,1,1,1,1,< 20%
29990304,2016-01-04,2023-02-27,373.0,374,25.0,6.7,136,1,1,1,1,< 20%
29995001,2015-12-21,2023-02-20,374.0,375,7.0,1.9,159,1,1,1,1,< 20%
39210301,2020-05-11,2023-02-27,146.0,147,22.0,15.0,47,1,1,1,1,< 20%
49286299,2020-10-05,2023-02-27,125.0,126,2.0,1.6,68,1,1,1,1,< 20%
49288299,2020-10-19,2023-02-27,123.0,124,12.0,9.7,23,1,1,1,1,< 20%
799201500,2017-04-17,2023-02-20,305.0,306,43.0,14.1,31,1,1,1,1,< 20%
80500101,2020-02-10,2023-02-27,159.0,160,26.0,16.2,34,1,1,1,1,< 20%
901102,2016-01-04,2023-02-27,373.0,374,17.0,4.5,70,1,1,1,1,< 20%
910616110,2016-02-01,2023-02-27,369.0,370,15.0,4.1,69,1,1,1,1,< 20%
910719005,2016-01-04,2023-02-27,373.0,374,28.0,7.5,42,1,1,1,1,< 20%
913010334,2015-12-14,2023-02-27,376.0,377,5.0,1.3,152,1,1,1,1,< 20%
9130190,2015-12-28,2023-03-06,375.0,376,1.0,0.3,222,1,1,1,1,< 20%
913043810,2016-08-08,2023-03-06,343.0,344,30.0,8.7,43,1,1,1,1,< 20%
9133317,2016-01-04,2023-02-27,373.0,374,24.0,6.4,50,1,1,1,1,< 20%
9134011,2015-12-28,2023-02-27,374.0,375,3.0,0.8,208,1,1,1,1,< 20%
913405802,2016-01-04,2023-02-27,373.0,374,42.0,11.2,31,1,1,1,1,< 20%
913412380,2015-12-21,2023-02-27,375.0,376,1.0,0.3,262,1,1,1,1,< 20%
9134235,2015-12-28,2023-02-27,374.0,375,8.0,2.1,166,1,1,1,1,< 20%
9134250,2017-05-15,2023-02-27,302.0,303,19.0,6.3,51,1,1,1,1,< 20%
9134256,2016-01-11,2023-02-27,372.0,373,51.0,13.7,59,1,1,1,1,< 20%
913427210,2016-05-16,2023-02-27,354.0,355,67.0,18.9,23,1,1,1,1,< 20%
913427220,2015-12-21,2023-02-27,375.0,376,59.0,15.7,39,1,1,1,1,< 20%
9134282,2015-12-21,2023-02-27,375.0,376,0.0,0.0,376,1,1,1,1,< 20%
9134284,2015-12-21,2023-02-27,375.0,376,11.0,2.9,86,1,1,1,1,< 20%
9134288,2016-01-04,2023-02-13,371.0,372,30.0,8.1,43,1,1,1,1,< 20%
9134290,2015-12-21,2023-03-06,376.0,377,15.0,4.0,90,1,1,1,1,< 20%
9134292,2015-12-21,2023-03-06,376.0,377,1.0,0.3,338,1,1,1,1,< 20%
9134319,2015-12-21,2023-02-27,375.0,376,73.0,19.4,17,1,1,1,1,< 20%
9134441,2016-01-04,2023-02-27,373.0,374,45.0,12.0,46,1,1,1,1,< 20%
9134450,2016-03-28,2023-03-06,362.0,363,6.0,1.7,196,1,1,1,1,< 20%
9134481,2016-03-07,2023-02-27,364.0,365,48.0,13.2,71,1,1,1,1,< 20%
9134525,2016-02-15,2023-02-20,366.0,367,72.0,19.6,36,1,1,1,1,< 20%
9134591,2016-01-11,2023-02-27,372.0,373,53.0,14.2,48,1,1,1,1,< 20%
9134592,2015-12-14,2023-02-27,376.0,377,5.0,1.3,92,1,1,1,1,< 20%
9134609,2015-12-21,2023-03-06,376.0,377,3.0,0.8,164,1,1,1,1,< 20%
913460910,2015-12-07,2023-02-27,377.0,378,3.0,0.8,281,1,1,1,1,< 20%
913460912,2015-12-21,2023-02-27,375.0,376,0.0,0.0,376,1,1,1,1,< 20%
913460915,2015-12-14,2023-02-27,376.0,377,0.0,0.0,377,1,1,1,1,< 20%
913460915NM,2019-02-25,2023-02-27,209.0,210,10.0,4.8,72,1,1,1,1,< 20%
913460920,2016-01-04,2023-02-27,373.0,374,12.0,3.2,79,1,1,1,1,< 20%
9134630,2015-12-21,2023-02-27,375.0,376,7.0,1.9,209,1,1,1,1,< 20%
9134665,2015-12-21,2023-02-27,375.0,376,16.0,4.3,64,1,1,1,1,< 20%
9134666,2016-01-04,2023-03-06,374.0,375,32.0,8.5,69,1,1,1,1,< 20%
9134668,2016-01-04,2023-02-27,373.0,374,6.0,1.6,119,1,1,1,1,< 20%
9134673,2016-01-04,2023-02-27,373.0,374,10.0,2.7,210,1,1,1,1,< 20%
91346826,2015-12-21,2023-02-27,375.0,376,19.0,5.1,46,1,1,1,1,< 20%
9134712,2016-01-04,2023-02-27,373.0,374,3.0,0.8,212,1,1,1,1,< 20%
9134725,2015-12-21,2023-02-27,375.0,376,2.0,0.5,224,1,1,1,1,< 20%
9134746051,2016-02-15,2023-02-27,367.0,368,33.0,9.0,49,1,1,1,1,< 20%
9134779,2016-01-04,2023-02-27,373.0,374,68.0,18.2,24,1,1,1,1,< 20%
9134781,2015-12-28,2023-02-27,374.0,375,60.0,16.0,49,1,1,1,1,< 20%
9134784,2016-04-11,2023-02-27,359.0,360,63.0,17.5,21,1,1,1,1,< 20%
9134787,2016-06-06,2023-02-27,351.0,352,63.0,17.9,32,1,1,1,1,< 20%
9134788,2016-02-29,2023-02-27,365.0,366,58.0,15.8,25,1,1,1,1,< 20%
9134806,2016-01-04,2023-02-27,373.0,374,17.0,4.5,71,1,1,1,1,< 20%
913480810,2016-01-11,2023-02-27,372.0,373,67.0,18.0,31,1,1,1,1,< 20%
9134828,2015-12-28,2023-02-27,374.0,375,1.0,0.3,223,1,1,1,1,< 20%
9134830051,2015-12-21,2023-02-27,375.0,376,43.0,11.4,35,1,1,1,1,< 20%
913483080,2016-01-11,2023-02-27,372.0,373,55.0,14.7,41,1,1,1,1,< 20%
913484016,2016-01-04,2023-02-27,373.0,374,50.0,13.4,54,1,1,1,1,< 20%
9134841,2015-12-28,2023-02-27,374.0,375,24.0,6.4,189,1,1,1,1,< 20%
9134848,2016-01-04,2023-02-27,373.0,374,71.0,19.0,54,1,1,1,1,< 20%
9134849,2015-12-14,2023-03-06,377.0,378,8.0,2.1,133,1,1,1,1,< 20%
9134867,2015-12-14,2023-02-27,376.0,377,2.0,0.5,336,1,1,1,1,< 20%
9134880,2015-12-28,2023-02-27,374.0,375,3.0,0.8,291,1,1,1,1,< 20%
9134881,2015-12-28,2023-02-27,374.0,375,5.0,1.3,134,1,1,1,1,< 20%
9134887,2015-12-28,2023-02-27,374.0,375,4.0,1.1,153,1,1,1,1,< 20%
9134890,2016-01-04,2023-02-27,373.0,374,42.0,11.2,39,1,1,1,1,< 20%
9134893,2016-01-04,2023-02-27,373.0,374,57.0,15.2,25,1,1,1,1,< 20%
916119506,2016-01-11,2023-02-27,372.0,373,48.0,12.9,31,1,1,1,1,< 20%
916119507,2016-05-09,2023-02-27,355.0,356,20.0,5.6,36,1,1,1,1,< 20%
9162292,2016-09-19,2023-02-27,336.0,337,33.0,9.8,47,1,1,1,1,< 20%
918108102,2016-01-11,2023-02-27,372.0,373,74.0,19.8,23,1,1,1,1,< 20%
919400602,2016-05-30,2023-02-27,352.0,353,52.0,14.7,25,1,1,1,1,< 20%
919408102,2015-12-21,2023-02-27,375.0,376,35.0,9.3,67,1,1,1,1,< 20%
9194283,2015-12-21,2023-03-06,376.0,377,1.0,0.3,223,1,1,1,1,< 20%
9194552,2015-12-21,2023-02-27,375.0,376,28.0,7.4,101,1,1,1,1,< 20%
9533317501,2016-01-04,2023-02-27,373.0,374,67.0,17.9,18,1,1,1,1,< 20%
966110301,2017-10-02,2023-02-20,281.0,282,55.0,19.5,33,1,1,1,1,< 20%
999777,2016-01-18,2023-02-27,371.0,372,13.0,3.5,101,1,1,1,1,< 20%
